TGCAGTAAGCATCAAA-1, NMP
AACCTTTGTTCTCACC-1, PhMD
ACCAAACAGCACTAGG-1, SC
ACCACAACAATACCTG-1, PhMD
ACCCTCAAGTCTAACC-1, NMP
ACCCTTGCAGAATTCC-1, SC
ACCGTTCAGCATGATA-1, PhMD
ACGTACATCCGATAAC-1, PhMD
ACTGATGCATAGGAGC-1, PhMD
ACTTAGGCAATATCCG-1, PhMD
AGAACAAGTCCAGCGT-1, PhMD
AGAAGCGTCACCTCGT-1, PhMD
AGAGAGCCATAGGTTC-1, PhMD
AGAGCAGAGAAGTGTT-1, PhMD
AGCGCTGAGGATTTAG-1, NMP
ATCCACCTCAGCAATC-1, PhMD
ATTCGTTAGCTTTCCC-1, PhMD
CAACAACCAGCTGTGC-1, PhMD
CAACGATCACGTAACT-1, PhMD
CACAACAAGTCGGCCT-1, PhMD
CACCGTTCAATAACCC-1, SC
CACTGAAAGTCGGCAA-1, PhMD
CAGATACCATAGTCGT-1, PhMD
CAGGCCATCTGGAGAG-1, PhMD
CAGGTATAGAAGCTCG-1, PhMD
CATTGTTAGGTACAAT-1, PhMD
CCGAACGCAGCGACCT-1, PhMD
CCGGTGAAGTCCTGTA-1, PxMD
CCTCAACCAGGACTTT-1, PhMD
CCTTCAGCAATTGAAG-1, NMP
CCTTGTGGTTCTTCAT-1, PhMD
CCTTTGGGTCTCTCAC-1, PhMD
CGAGAAGGTTCCATTT-1, PhMD
CGAGGAAGTCTAGATC-1, PhMD
CGATGGCTCGCCAGAC-1, PhMD
CGGAGAATCCGCTGTT-1, NMP
CGGCAGTTCTTTCAGT-1, SC
CGGGTGTTCCCACAGG-1, PhMD
CTCAAGAAGACCTGGA-1, SC
CTGCTCAAGATGGTAT-1, SC
CTTCTCTGTTGGTACT-1, PhMD
GACGTTAGTTGTCAGT-1, PhMD
GCCAGGTTCTCGGCTT-1, SC
GCCGTGAGTATATGGA-1, SC
GCGGATCCACTGCATA-1, PhMD
GGGATCCCAACTGAAA-1, PhMD
GGTTAACCATAGATCC-1, PhMD
GTGTCCTGTCGTTTCC-1, PhMD
GTGTGGCGTCGAAACG-1, SC
GTTGTAGCATCCAATG-1, PhMD
TACGGTAAGCAACCAG-1, PhMD
TACTTCACACTATCGA-1, PhMD
TCAATTCTCAACTACG-1, PhMD
TCACGGGCAGCCGTTG-1, PhMD
TCATCCGAGTGACCTT-1, NMP
TCCGGGAGTTCGCGTG-1, PhMD
TCGATTTCAGTGGCTC-1, PhMD
TCTGCCAAGAGTCTTC-1, PhMD
TCTGGCTAGACCTTTG-1, SC
TGAGACTCAAGATGGC-1, SC
TGATTCTCAAGTACCT-1, SC
TGGATCACACAGCTTA-1, SMD
TGTCCTGCAATTGCCA-1, SC
TGTTCTACATAGCACT-1, PxMD
TTACGTTAGCTGTTAC-1, PhMD
TTGGGCGGTATGACAA-1, SC
TTTCAGTGTGCTGTCG-1, SC
TTTGACTAGCAACTTC-1, PhMD
TTTGATCGTCGGTACC-1, PhMD
AAAGGGCCAAATCAAG-1, NMP
TATCTTGTCGCCTCTA-1, PxMD
