"","edits","integer"
"1","CTTGGA","1"
"2","CACGGA","2"
"3","CCGGGA","3"
"4","CTAGGA","4"
"5","AGCGGA","5"
"6","AAAGGA","6"
"7","GCTGGA","7"
"8","ATAGGA","8"
"9","CTGGGA","9"
"10","GGCGGA","10"
"11","CGCGGA","11"
"12","GTTGGA","12"
"13","CCTGGA","13"
"14","AAGGGA","14"
"15","CTCGGA","15"
"16","GAAGGA","16"
"17","CATGGA","17"
"18","CCAGGA","18"
"19","ATGGGA","19"
"20","ACAGGA","20"
"21","AGAGGA","21"
"22","GTAGGA","22"
"23","ACGGGA","23"
"24","TCGGGA","24"
"25","TGCGGA","25"
"26","AACGGA","26"
"27","AATGGA","27"
"28","TAAGGA","28"
"29","ATTGGA","29"
"30","GCAGGA","30"
"31","GCCGGA","31"
"32","GTCGGA","32"
"33","TTTGGA","33"
"34","TACGGA","34"
"35","TTAGGA","35"
"36","GATGGA","36"
"37","CCCGGA","37"
"38","TCTGGA","38"
"39","ACTGGA","39"
"40","CAGGGA","40"
"41","GCGGGA","41"
"42","CAAGGA","42"
"43","None","0"
